-- phpMyAdmin SQL Dump
-- version 5.1.1
-- https://www.phpmyadmin.net/
--
-- Host: 127.0.0.1
-- Generation Time: Jun 14, 2022 at 06:20 AM
-- Server version: 10.4.19-MariaDB
-- PHP Version: 8.0.7

SET SQL_MODE = "NO_AUTO_VALUE_ON_ZERO";
START TRANSACTION;
SET time_zone = "+00:00";


/*!40101 SET @OLD_CHARACTER_SET_CLIENT=@@CHARACTER_SET_CLIENT */;
/*!40101 SET @OLD_CHARACTER_SET_RESULTS=@@CHARACTER_SET_RESULTS */;
/*!40101 SET @OLD_COLLATION_CONNECTION=@@COLLATION_CONNECTION */;
/*!40101 SET NAMES utf8mb4 */;

--
-- Database: `books`
--

-- --------------------------------------------------------

--
-- Table structure for table `author`
--

CREATE TABLE `author` (
  `id` int(11) NOT NULL,
  `name` varchar(255) NOT NULL
) ENGINE=InnoDB DEFAULT CHARSET=utf8mb4;

--
-- Dumping data for table `author`
--

INSERT INTO `author` (`id`, `name`) VALUES
(1, 'Abraham Verghese'),
(2, 'Adam Gasiewski'),
(3, 'Adam Mansbach'),
(4, 'Adir Levy'),
(5, 'Admiral William H. McRaven'),
(6, 'Adult Coloring Book Designs'),
(7, 'Alan Moore'),
(8, 'Alex Michaelides'),
(9, 'Alice Schertle'),
(10, 'Allie Brosh'),
(11, 'American Psychiatric Association'),
(12, 'American Psychological Association'),
(13, 'Amor Towles'),
(14, 'Amy Ramos'),
(15, 'Amy Shields'),
(16, 'Andy Weir'),
(17, 'Angie Grace'),
(18, 'Angie Thomas'),
(19, 'Ann Voskamp'),
(20, 'Ann Whitford Paul'),
(21, 'Anthony Bourdain'),
(22, 'Anthony Doerr'),
(23, 'Atul Gawande'),
(24, 'Audrey Niffenegger'),
(25, 'B. J. Novak'),
(26, 'Bessel van der Kolk M.D.'),
(27, 'Bill Martin Jr.'),
(28, 'Bill O\'Reilly'),
(29, 'Bill Simmons'),
(30, 'Blue Star Coloring'),
(31, 'Bob Woodward'),
(32, 'Brandon Stanton'),
(33, 'Brené Brown'),
(34, 'Brian Kilmeade'),
(35, 'Bruce Springsteen'),
(36, 'Carol S. Dweck'),
(37, 'Celeste Ng'),
(38, 'Charlaine Harris'),
(39, 'Charles Duhigg'),
(40, 'Charles Krauthammer'),
(41, 'Cheryl Strayed'),
(42, 'Chip Gaines'),
(43, 'Chip Heath'),
(44, 'Chris Cleave'),
(45, 'Chris Kyle'),
(46, 'Chrissy Teigen'),
(47, 'Christina Baker Kline'),
(48, 'Christopher Paolini'),
(49, 'Coloring Books for Adults'),
(50, 'Craig Smith'),
(51, 'Crispin Boyer'),
(52, 'DK'),
(53, 'Dale Carnegie'),
(54, 'Dan Brown'),
(55, 'Daniel H. Pink'),
(56, 'Daniel James Brown'),
(57, 'Daniel Kahneman'),
(58, 'Daniel Lipkowitz'),
(59, 'Dav Pilkey'),
(60, 'Dave Ramsey'),
(61, 'David Goggins'),
(62, 'David Grann'),
(63, 'David McCullough'),
(64, 'David Perlmutter MD'),
(65, 'David Platt'),
(66, 'David Zinczenko'),
(67, 'Deborah Diesen'),
(68, 'Delegates of the Constitutional'),
(69, 'Delia Owens'),
(70, 'Dinah Bucholz'),
(71, 'Don Miguel Ruiz'),
(72, 'Donna Tartt'),
(73, 'Doug Lemov'),
(74, 'Dr. Seuss'),
(75, 'Dr. Steven R Gundry MD'),
(76, 'Drew Daywalt'),
(77, 'E L James'),
(78, 'Eben Alexander'),
(79, 'Edward Klein'),
(80, 'Edward M. Kennedy'),
(81, 'Elie Wiesel'),
(82, 'Elizabeth Strout'),
(83, 'Emily Winfield Martin'),
(84, 'Eric Carle'),
(85, 'Eric Larson'),
(86, 'Ernest Cline'),
(87, 'F. A. Hayek'),
(88, 'F. Scott Fitzgerald'),
(89, 'Francis Chan'),
(90, 'Fredrik Backman'),
(91, 'Gallup'),
(92, 'Garth Stein'),
(93, 'Gary Chapman'),
(94, 'Gayle Forman'),
(95, 'Geneen Roth'),
(96, 'George Orwell'),
(97, 'George R. R. Martin'),
(98, 'George R.R. Martin'),
(99, 'George W. Bush'),
(100, 'Giles Andreae'),
(101, 'Gillian Flynn'),
(102, 'Glenn Beck'),
(103, 'Golden Books'),
(104, 'Greg Mortenson'),
(105, 'Harper Lee'),
(106, 'Heidi Murkoff'),
(107, 'Hillary Rodham Clinton'),
(108, 'Hopscotch Girls'),
(109, 'Howard Stern'),
(110, 'Ian K. Smith M.D.'),
(111, 'Ina Garten'),
(112, 'J. D. Vance'),
(113, 'J. K. Rowling'),
(114, 'J.K. Rowling'),
(115, 'JJ Smith'),
(116, 'James Comey'),
(117, 'James Dashner'),
(118, 'James Patterson'),
(119, 'Jay Asher'),
(120, 'Jaycee Dugard'),
(121, 'Jeff Kinney'),
(122, 'Jen Sincero'),
(123, 'Jennifer Smith'),
(124, 'Jill Twiss'),
(125, 'Jim Collins'),
(126, 'Joanna Gaines'),
(127, 'Joel Fuhrman MD'),
(128, 'Johanna Basford'),
(129, 'John Green'),
(130, 'John Grisham'),
(131, 'John Heilemann'),
(132, 'Jon Meacham'),
(133, 'Jon Stewart'),
(134, 'Jonathan Cahn'),
(135, 'Jordan B. Peterson'),
(136, 'Julia Child'),
(137, 'Justin Halpern'),
(138, 'Kathryn Stockett'),
(139, 'Keith Richards'),
(140, 'Ken Follett'),
(141, 'Kevin Kwan'),
(142, 'Khaled Hosseini'),
(143, 'Kristin Hannah'),
(144, 'Larry Schweikart'),
(145, 'Laura Hillenbrand'),
(146, 'Laurel Randolph'),
(147, 'Lin-Manuel Miranda'),
(148, 'Lysa TerKeurst'),
(149, 'M Prefontaine'),
(150, 'Madeleine L\'Engle'),
(151, 'Malcolm Gladwell'),
(152, 'Margaret Atwood'),
(153, 'Margaret Wise Brown'),
(154, 'Marie Kondō'),
(155, 'Marjorie Sarnat'),
(156, 'Mark Hyman M.D.'),
(157, 'Mark Manson'),
(158, 'Mark Owen'),
(159, 'Mark R. Levin'),
(160, 'Mark Twain'),
(161, 'Markus Zusak'),
(162, 'Marty Noble'),
(163, 'Mary Ann Shaffer'),
(164, 'Maurice Sendak'),
(165, 'Melissa Hartwig Urban'),
(166, 'Michael Lewis'),
(167, 'Michael Pollan'),
(168, 'Michael Wolff'),
(169, 'Michelle Obama'),
(170, 'Mike Moreno'),
(171, 'Mitch Albom'),
(172, 'Muriel Barbery'),
(173, 'Naomi Kleinberg'),
(174, 'Nathan W. Pyle'),
(175, 'National Geographic Kids'),
(176, 'Neil deGrasse Tyson'),
(177, 'Paper Peony Press'),
(178, 'Patrick Lencioni'),
(179, 'Patrick Thorpe'),
(180, 'Paul Kalanithi'),
(181, 'Paula Hawkins'),
(182, 'Paula McLain'),
(183, 'Paulo Coelho'),
(184, 'Pete Souza'),
(185, 'Peter A. Lillback'),
(186, 'Phil Robertson'),
(187, 'Pierre Dukan'),
(188, 'Pretty Simple Press'),
(189, 'R. J. Palacio'),
(190, 'RH Disney'),
(191, 'Rachel Hollis'),
(192, 'Raina Telgemeier'),
(193, 'Randall Munroe'),
(194, 'Randy Pausch'),
(195, 'Ray Bradbury'),
(196, 'Rebecca Skloot'),
(197, 'Ree Drummond'),
(198, 'Rick Riordan'),
(199, 'Rob Bell'),
(200, 'Rob Elliott'),
(201, 'Robert Jordan'),
(202, 'Robert Munsch'),
(203, 'Rod Campbell'),
(204, 'Roger Priddy'),
(205, 'Ron Chernow'),
(206, 'Rupi Kaur'),
(207, 'Rush Limbaugh'),
(208, 'Samin Nosrat'),
(209, 'Sandra Boynton'),
(210, 'Sara Gruen'),
(211, 'Sarah Palin'),
(212, 'Sarah Young'),
(213, 'Sasha O\'Hara'),
(214, 'Scholastic'),
(215, 'School Zone'),
(216, 'Sherri Duskey Rinker'),
(217, 'Sheryl Sandberg'),
(218, 'Silly Bear'),
(219, 'Stephen Kendrick'),
(220, 'Stephen King'),
(221, 'Stephen R. Covey'),
(222, 'Stephenie Meyer'),
(223, 'Steve Harvey'),
(224, 'Steven D. Levitt'),
(225, 'Stieg Larsson'),
(226, 'Susan Cain'),
(227, 'Suzanne Collins'),
(228, 'Ta-Nehisi Coates'),
(229, 'Tara Westover'),
(230, 'Tatiana de Rosnay'),
(231, 'The College Board'),
(232, 'The Staff of The Late Show with'),
(233, 'The Washington Post'),
(234, 'Thomas Campbell'),
(235, 'Thomas Piketty'),
(236, 'Thug Kitchen'),
(237, 'Timothy Ferriss'),
(238, 'Tina Fey'),
(239, 'Todd Burpo'),
(240, 'Tony Hsieh'),
(241, 'Tucker Carlson'),
(242, 'Veronica Roth'),
(243, 'W. Cleon Skousen'),
(244, 'Walter Isaacson'),
(245, 'William Davis'),
(246, 'William P. Young'),
(247, 'Wizards RPG Team'),
(248, 'Zhi Gang Sha');

-- --------------------------------------------------------

--
-- Table structure for table `books`
--

CREATE TABLE `books` (
  `id` int(11) NOT NULL,
  `Name` varchar(255) DEFAULT NULL,
  `author_id` int(11) DEFAULT NULL,
  `Rating` float DEFAULT NULL,
  `Reviews` int(11) DEFAULT NULL,
  `Price` float DEFAULT NULL,
  `Year` int(4) DEFAULT NULL,
  `genre_id` int(11) DEFAULT NULL
) ENGINE=InnoDB DEFAULT CHARSET=utf8;

--
-- Dumping data for table `books`
--

INSERT INTO `books` (`id`, `Name`, `author_id`, `Rating`, `Reviews`, `Price`, `Year`, `genre_id`) VALUES
(1, '10-Day Green Smoothie Cleanse', 115, 4.7, 17350, 8, 2016, 2),
(2, '11/22/63: A Novel', 220, 4.6, 2052, 22, 2011, 1),
(3, '12 Rules for Life: An Antidote to Chaos', 135, 4.7, 18979, 15, 2018, 2),
(4, '1984 (Signet Classics)', 96, 4.7, 21424, 6, 2017, 1),
(5, '5,000 Awesome Facts (About Everything!) (National Geographic Kids)', 175, 4.8, 7665, 12, 2019, 2),
(6, 'A Dance with Dragons (A Song of Ice and Fire)', 97, 4.4, 12643, 11, 2011, 1),
(7, 'A Game of Thrones / A Clash of Kings / A Storm of Swords / A Feast of Crows / A Dance with Dragons', 97, 4.7, 19735, 30, 2014, 1),
(8, 'A Gentleman in Moscow: A Novel', 13, 4.7, 19699, 15, 2017, 1),
(9, 'A Higher Loyalty: Truth, Lies, and Leadership', 116, 4.7, 5983, 3, 2018, 2),
(10, 'A Man Called Ove: A Novel', 90, 4.6, 23848, 8, 2016, 1),
(11, 'A Man Called Ove: A Novel', 90, 4.6, 23848, 8, 2017, 1),
(12, 'A Patriot\'s History of the United States: From Columbus\'s Great Discovery to the War on Terror', 144, 4.6, 460, 2, 2010, 2),
(13, 'A Stolen Life: A Memoir', 120, 4.6, 4149, 32, 2011, 2),
(14, 'A Wrinkle in Time (Time Quintet)', 150, 4.5, 5153, 5, 2018, 1),
(15, 'Act Like a Lady, Think Like a Man: What Men Really Think About Love, Relationships, Intimacy, and Commitment', 223, 4.6, 5013, 17, 2009, 2),
(16, 'Adult Coloring Book Designs: Stress Relief Coloring Book: Garden Designs, Mandalas, Animals, and Paisley Patterns', 6, 4.5, 2313, 4, 2016, 2),
(17, 'Adult Coloring Book: Stress Relieving Animal Designs', 30, 4.6, 2925, 6, 2015, 2),
(18, 'Adult Coloring Book: Stress Relieving Patterns', 30, 4.4, 2951, 6, 2015, 2),
(19, 'Adult Coloring Books: A Coloring Book for Adults Featuring Mandalas and Henna Inspired Flowers, Animals, and Paisley…', 49, 4.5, 2426, 8, 2015, 2),
(20, 'Alexander Hamilton', 205, 4.8, 9198, 13, 2016, 2),
(21, 'All the Light We Cannot See', 22, 4.6, 36348, 14, 2014, 1),
(22, 'All the Light We Cannot See', 22, 4.6, 36348, 14, 2015, 1),
(23, 'Allegiant', 242, 3.9, 6310, 13, 2013, 1),
(24, 'American Sniper: The Autobiography of the Most Lethal Sniper in U.S. Military History', 45, 4.6, 15921, 9, 2015, 2),
(25, 'And the Mountains Echoed', 142, 4.3, 12159, 13, 2013, 1),
(26, 'Arguing with Idiots: How to Stop Small Minds and Big Government', 102, 4.6, 798, 5, 2009, 2),
(27, 'Astrophysics for People in a Hurry', 176, 4.7, 9374, 9, 2017, 2),
(28, 'Autobiography of Mark Twain, Vol. 1', 160, 4.2, 491, 14, 2010, 2),
(29, 'Baby Touch and Feel: Animals', 52, 4.6, 5360, 5, 2015, 2),
(30, 'Balance (Angie\'s Extreme Stress Menders)', 17, 4.6, 1909, 11, 2015, 2),
(31, 'Barefoot Contessa Foolproof: Recipes You Can Trust: A Cookbook', 111, 4.8, 1296, 24, 2012, 2),
(32, 'Barefoot Contessa, How Easy Is That?: Fabulous Recipes & Easy Tips', 111, 4.7, 615, 21, 2010, 2),
(33, 'Becoming', 169, 4.8, 61133, 11, 2018, 2),
(34, 'Becoming', 169, 4.8, 61133, 11, 2019, 2),
(35, 'Being Mortal: Medicine and What Matters in the End', 23, 4.8, 11113, 15, 2015, 2),
(36, 'Between the World and Me', 228, 4.7, 10070, 13, 2015, 2),
(37, 'Between the World and Me', 228, 4.7, 10070, 13, 2016, 2),
(38, 'Born to Run', 35, 4.7, 3729, 18, 2016, 2),
(39, 'Breaking Dawn (The Twilight Saga, Book 4)', 222, 4.6, 9769, 13, 2009, 1),
(40, 'Broke: The Plan to Restore Our Trust, Truth and Treasure', 102, 4.5, 471, 8, 2010, 2),
(41, 'Brown Bear, Brown Bear, What Do You See?', 27, 4.9, 14344, 5, 2017, 1),
(42, 'Brown Bear, Brown Bear, What Do You See?', 27, 4.9, 14344, 5, 2019, 1),
(43, 'Cabin Fever (Diary of a Wimpy Kid, Book 6)', 121, 4.8, 4505, 0, 2011, 1),
(44, 'Calm the F*ck Down: An Irreverent Adult Coloring Book (Irreverent Book Series)', 213, 4.6, 10369, 4, 2016, 2),
(45, 'Can\'t Hurt Me: Master Your Mind and Defy the Odds', 61, 4.8, 16244, 18, 2019, 2),
(46, 'Capital in the Twenty First Century', 235, 4.5, 2884, 28, 2014, 2),
(47, 'Catching Fire (The Hunger Games)', 227, 4.7, 22614, 11, 2010, 1),
(48, 'Catching Fire (The Hunger Games)', 227, 4.7, 22614, 11, 2011, 1),
(49, 'Catching Fire (The Hunger Games)', 227, 4.7, 22614, 11, 2012, 1),
(50, 'Cravings: Recipes for All the Food You Want to Eat: A Cookbook', 46, 4.7, 4761, 16, 2016, 2),
(51, 'Crazy Love: Overwhelmed by a Relentless God', 89, 4.7, 1542, 14, 2009, 2),
(52, 'Crazy Love: Overwhelmed by a Relentless God', 89, 4.7, 1542, 14, 2010, 2),
(53, 'Crazy Love: Overwhelmed by a Relentless God', 89, 4.7, 1542, 14, 2011, 2),
(54, 'Crazy Rich Asians (Crazy Rich Asians Trilogy)', 141, 4.3, 6143, 8, 2018, 1),
(55, 'Creative Haven Creative Cats Coloring Book (Adult Coloring)', 155, 4.8, 4022, 4, 2015, 2),
(56, 'Creative Haven Owls Coloring Book (Adult Coloring)', 155, 4.8, 3871, 5, 2015, 2),
(57, 'Cutting for Stone', 1, 4.6, 4866, 11, 2010, 1),
(58, 'Cutting for Stone', 1, 4.6, 4866, 11, 2011, 1),
(59, 'Daring Greatly: How the Courage to Be Vulnerable Transforms the Way We Live, Love, Parent, and Lead', 33, 4.8, 1329, 10, 2013, 2),
(60, 'David and Goliath: Underdogs, Misfits, and the Art of Battling Giants', 151, 4.4, 4642, 13, 2013, 2),
(61, 'Dead And Gone: A Sookie Stackhouse Novel (Sookie Stackhouse/True Blood)', 38, 4.6, 1541, 4, 2009, 1),
(62, 'Dead in the Family (Sookie Stackhouse/True Blood, Book 10)', 38, 4.3, 1924, 8, 2010, 1),
(63, 'Dead Reckoning (Sookie Stackhouse/True Blood, Book 11)', 38, 4.2, 2094, 4, 2011, 1),
(64, 'Dear Zoo: A Lift-the-Flap Book', 203, 4.8, 10922, 5, 2015, 1),
(65, 'Dear Zoo: A Lift-the-Flap Book', 203, 4.8, 10922, 5, 2016, 1),
(66, 'Dear Zoo: A Lift-the-Flap Book', 203, 4.8, 10922, 5, 2017, 1),
(67, 'Dear Zoo: A Lift-the-Flap Book', 203, 4.8, 10922, 5, 2018, 1),
(68, 'Decision Points', 99, 4.6, 2137, 17, 2010, 2),
(69, 'Delivering Happiness: A Path to Profits, Passion, and Purpose', 240, 4.6, 1651, 15, 2010, 2),
(70, 'Diagnostic and Statistical Manual of Mental Disorders, 5th Edition: DSM-5', 11, 4.5, 6679, 105, 2013, 2),
(71, 'Diagnostic and Statistical Manual of Mental Disorders, 5th Edition: DSM-5', 11, 4.5, 6679, 105, 2014, 2),
(72, 'Diary of a Wimpy Kid: Hard Luck, Book 8', 121, 4.8, 6812, 0, 2013, 1),
(73, 'Diary of a Wimpy Kid: The Last Straw (Book 3)', 121, 4.8, 3837, 15, 2009, 1),
(74, 'Diary of a Wimpy Kid: The Long Haul', 121, 4.8, 6540, 22, 2014, 1),
(75, 'Difficult Riddles For Smart Kids: 300 Difficult Riddles And Brain Teasers Families Will Love (Books for Smart Kids)', 149, 4.6, 7955, 5, 2019, 2),
(76, 'Divergent', 242, 4.6, 27098, 15, 2013, 1),
(77, 'Divergent', 242, 4.6, 27098, 15, 2014, 1),
(78, 'Divergent / Insurgent', 242, 4.5, 17684, 6, 2014, 1),
(79, 'Divine Soul Mind Body Healing and Transmission System: The Divine Way to Heal You, Humanity, Mother Earth, and All…', 248, 4.6, 37, 6, 2009, 2),
(80, 'Doctor Sleep: A Novel', 220, 4.7, 15845, 13, 2013, 1),
(81, 'Dog Days (Diary of a Wimpy Kid, Book 4) (Volume 4)', 121, 4.8, 3181, 12, 2009, 1),
(82, 'Dog Man and Cat Kid: From the Creator of Captain Underpants (Dog Man #4)', 59, 4.9, 5062, 6, 2018, 1),
(83, 'Dog Man: A Tale of Two Kitties: From the Creator of Captain Underpants (Dog Man #3)', 59, 4.9, 4786, 8, 2017, 1),
(84, 'Dog Man: Brawl of the Wild: From the Creator of Captain Underpants (Dog Man #6)', 59, 4.9, 7235, 4, 2018, 1),
(85, 'Dog Man: Brawl of the Wild: From the Creator of Captain Underpants (Dog Man #6)', 59, 4.9, 7235, 4, 2019, 1),
(86, 'Dog Man: Fetch-22: From the Creator of Captain Underpants (Dog Man #8)', 59, 4.9, 12619, 8, 2019, 1),
(87, 'Dog Man: For Whom the Ball Rolls: From the Creator of Captain Underpants (Dog Man #7)', 59, 4.9, 9089, 8, 2019, 1),
(88, 'Dog Man: Lord of the Fleas: From the Creator of Captain Underpants (Dog Man #5)', 59, 4.9, 5470, 6, 2018, 1),
(89, 'Double Down (Diary of a Wimpy Kid #11)', 121, 4.8, 5118, 20, 2016, 1),
(90, 'Dover Creative Haven Art Nouveau Animal Designs Coloring Book (Creative Haven Coloring Books)', 162, 4.6, 2134, 5, 2015, 2),
(91, 'Drive: The Surprising Truth About What Motivates Us', 55, 4.5, 2525, 16, 2010, 2),
(92, 'Eat This Not That! Supermarket Survival Guide: The No-Diet Weight Loss Solution', 66, 4.5, 720, 1, 2009, 2),
(93, 'Eat This, Not That! Thousands of Simple Food Swaps that Can Save You 10, 20, 30 Pounds--or More!', 66, 4.3, 956, 14, 2009, 2),
(94, 'Eat to Live: The Amazing Nutrient-Rich Program for Fast and Sustained Weight Loss, Revised Edition', 127, 4.5, 6346, 9, 2011, 2),
(95, 'Eat to Live: The Amazing Nutrient-Rich Program for Fast and Sustained Weight Loss, Revised Edition', 127, 4.5, 6346, 9, 2012, 2),
(96, 'Eclipse (Twilight Sagas)', 222, 4.7, 5505, 7, 2009, 1),
(97, 'Eclipse (Twilight)', 222, 4.7, 5505, 18, 2009, 1),
(98, 'Educated: A Memoir', 229, 4.7, 28729, 15, 2018, 2),
(99, 'Educated: A Memoir', 229, 4.7, 28729, 15, 2019, 2),
(100, 'Enchanted Forest: An Inky Quest and Coloring book (Activity Books, Mindfulness and Meditation, Illustrated Floral Prints…', 128, 4.7, 5413, 9, 2015, 2),
(101, 'Fahrenheit 451', 195, 4.6, 10721, 8, 2016, 1),
(102, 'Fahrenheit 451', 195, 4.6, 10721, 8, 2018, 1),
(103, 'Fantastic Beasts and Where to Find Them: The Original Screenplay (Harry Potter)', 114, 4.7, 4370, 15, 2016, 1),
(104, 'Fear: Trump in the White House', 31, 4.4, 6042, 2, 2018, 2),
(105, 'Fifty Shades Darker', 77, 4.4, 23631, 7, 2012, 1),
(106, 'Fifty Shades Freed: Book Three of the Fifty Shades Trilogy (Fifty Shades of Grey Series) (English Edition)', 77, 4.5, 20262, 11, 2012, 1),
(107, 'Fifty Shades of Grey: Book One of the Fifty Shades Trilogy (Fifty Shades of Grey Series)', 77, 3.8, 47265, 14, 2012, 1),
(108, 'Fifty Shades of Grey: Book One of the Fifty Shades Trilogy (Fifty Shades of Grey Series)', 77, 3.8, 47265, 14, 2013, 1),
(109, 'Fifty Shades Trilogy (Fifty Shades of Grey / Fifty Shades Darker / Fifty Shades Freed)', 77, 4.5, 13964, 32, 2012, 1),
(110, 'Fire and Fury: Inside the Trump White House', 168, 4.2, 13677, 6, 2018, 2),
(111, 'First 100 Words', 204, 4.7, 17323, 4, 2014, 2),
(112, 'First 100 Words', 204, 4.7, 17323, 4, 2015, 2),
(113, 'First 100 Words', 204, 4.7, 17323, 4, 2016, 2),
(114, 'First 100 Words', 204, 4.7, 17323, 4, 2017, 2),
(115, 'First 100 Words', 204, 4.7, 17323, 4, 2018, 2),
(116, 'Food Rules: An Eater\'s Manual', 167, 4.4, 1555, 9, 2010, 2),
(117, 'Frozen (Little Golden Book)', 190, 4.7, 3642, 0, 2014, 1),
(118, 'Game Change: Obama and the Clintons, McCain and Palin, and the Race of a Lifetime', 131, 4.4, 1215, 9, 2010, 2),
(119, 'Game of Thrones Boxed Set: A Game of Thrones/A Clash of Kings/A Storm of Swords/A Feast for Crows', 98, 4.6, 5594, 5, 2011, 1),
(120, 'Game of Thrones Boxed Set: A Game of Thrones/A Clash of Kings/A Storm of Swords/A Feast for Crows', 98, 4.6, 5594, 5, 2012, 1),
(121, 'Game of Thrones Boxed Set: A Game of Thrones/A Clash of Kings/A Storm of Swords/A Feast for Crows', 98, 4.6, 5594, 5, 2013, 1),
(122, 'George Washington\'s Sacred Fire', 185, 4.5, 408, 20, 2010, 2),
(123, 'George Washington\'s Secret Six: The Spy Ring That Saved the American Revolution', 34, 4.6, 4799, 16, 2013, 2),
(124, 'Giraffes Can\'t Dance', 100, 4.8, 14038, 4, 2015, 1),
(125, 'Giraffes Can\'t Dance', 100, 4.8, 14038, 4, 2016, 1),
(126, 'Giraffes Can\'t Dance', 100, 4.8, 14038, 4, 2017, 1),
(127, 'Giraffes Can\'t Dance', 100, 4.8, 14038, 4, 2018, 1),
(128, 'Giraffes Can\'t Dance', 100, 4.8, 14038, 4, 2019, 1),
(129, 'Girl, Stop Apologizing: A Shame-Free Plan for Embracing and Achieving Your Goals', 191, 4.6, 7660, 12, 2019, 2),
(130, 'Girl, Wash Your Face: Stop Believing the Lies About Who You Are So You Can Become Who You Were Meant to Be', 191, 4.6, 22288, 12, 2018, 2),
(131, 'Girl, Wash Your Face: Stop Believing the Lies About Who You Are So You Can Become Who You Were Meant to Be', 191, 4.6, 22288, 12, 2019, 2),
(132, 'Glenn Beck\'s Common Sense: The Case Against an Out-of-Control Government, Inspired by Thomas Paine', 102, 4.6, 1365, 11, 2009, 2),
(133, 'Go Set a Watchman: A Novel', 105, 3.6, 14982, 19, 2015, 1),
(134, 'Go the F**k to Sleep', 3, 4.8, 9568, 9, 2011, 1),
(135, 'Going Rogue: An American Life', 211, 4.6, 1636, 6, 2009, 2),
(136, 'Gone Girl', 101, 4, 57271, 10, 2012, 1),
(137, 'Gone Girl', 101, 4, 57271, 10, 2013, 1),
(138, 'Gone Girl', 101, 4, 57271, 9, 2014, 1),
(139, 'Good Days Start With Gratitude: A 52 Week Guide To Cultivate An Attitude Of Gratitude: Gratitude Journal', 188, 4.6, 10141, 6, 2019, 2),
(140, 'Good to Great: Why Some Companies Make the Leap and Others Don\'t', 125, 4.5, 3457, 14, 2009, 2),
(141, 'Good to Great: Why Some Companies Make the Leap and Others Don\'t', 125, 4.5, 3457, 14, 2010, 2),
(142, 'Good to Great: Why Some Companies Make the Leap and Others Don\'t', 125, 4.5, 3457, 14, 2011, 2),
(143, 'Good to Great: Why Some Companies Make the Leap and Others Don\'t', 125, 4.5, 3457, 14, 2012, 2),
(144, 'Goodnight Moon', 153, 4.8, 8837, 5, 2017, 1),
(145, 'Goodnight Moon', 153, 4.8, 8837, 5, 2018, 1),
(146, 'Goodnight Moon', 153, 4.8, 8837, 5, 2019, 1),
(147, 'Goodnight, Goodnight Construction Site (Hardcover Books for Toddlers, Preschool Books for Kids)', 216, 4.9, 7038, 7, 2012, 1),
(148, 'Goodnight, Goodnight Construction Site (Hardcover Books for Toddlers, Preschool Books for Kids)', 216, 4.9, 7038, 7, 2013, 1),
(149, 'Grain Brain: The Surprising Truth about Wheat, Carbs, and Sugar--Your Brain\'s Silent Killers', 64, 4.6, 5972, 10, 2014, 2),
(150, 'Grey: Fifty Shades of Grey as Told by Christian (Fifty Shades of Grey Series)', 77, 4.4, 25624, 14, 2015, 1),
(151, 'Guts', 192, 4.8, 5476, 7, 2019, 2),
(152, 'Hamilton: The Revolution', 147, 4.9, 5867, 54, 2016, 2),
(153, 'Happy, Happy, Happy: My Life and Legacy as the Duck Commander', 186, 4.8, 4148, 11, 2013, 2),
(154, 'Harry Potter and the Chamber of Secrets: The Illustrated Edition (Harry Potter, Book 2)', 114, 4.9, 19622, 30, 2016, 1),
(155, 'Harry Potter and the Cursed Child, Parts 1 & 2, Special Rehearsal Edition Script', 114, 4, 23973, 12, 2016, 1),
(156, 'Harry Potter and the Goblet of Fire: The Illustrated Edition (Harry Potter, Book 4) (4)', 113, 4.9, 7758, 18, 2019, 1),
(157, 'Harry Potter and the Prisoner of Azkaban: The Illustrated Edition (Harry Potter, Book 3)', 114, 4.9, 3146, 30, 2017, 1),
(158, 'Harry Potter and the Sorcerer\'s Stone: The Illustrated Edition (Harry Potter, Book 1)', 114, 4.9, 10052, 22, 2016, 1),
(159, 'Harry Potter Coloring Book', 214, 4.7, 3564, 9, 2015, 2),
(160, 'Harry Potter Paperback Box Set (Books 1-7)', 113, 4.8, 13471, 52, 2016, 1),
(161, 'Have a Little Faith: A True Story', 171, 4.8, 1930, 4, 2009, 2),
(162, 'Heaven is for Real: A Little Boy\'s Astounding Story of His Trip to Heaven and Back', 239, 4.7, 15779, 10, 2011, 2),
(163, 'Heaven is for Real: A Little Boy\'s Astounding Story of His Trip to Heaven and Back', 239, 4.7, 15779, 10, 2012, 2),
(164, 'Hillbilly Elegy: A Memoir of a Family and Culture in Crisis', 112, 4.4, 15526, 14, 2016, 2),
(165, 'Hillbilly Elegy: A Memoir of a Family and Culture in Crisis', 112, 4.4, 15526, 14, 2017, 2),
(166, 'Homebody: A Guide to Creating Spaces You Never Want to Leave', 126, 4.8, 3776, 22, 2018, 2),
(167, 'How to Win Friends & Influence People', 53, 4.7, 25001, 11, 2014, 2),
(168, 'How to Win Friends & Influence People', 53, 4.7, 25001, 11, 2015, 2),
(169, 'How to Win Friends & Influence People', 53, 4.7, 25001, 11, 2016, 2),
(170, 'How to Win Friends & Influence People', 53, 4.7, 25001, 11, 2017, 2),
(171, 'How to Win Friends & Influence People', 53, 4.7, 25001, 11, 2018, 2),
(172, 'Howard Stern Comes Again', 109, 4.3, 5272, 16, 2019, 2),
(173, 'Humans of New York', 32, 4.8, 3490, 15, 2013, 2),
(174, 'Humans of New York', 32, 4.8, 3490, 15, 2014, 2),
(175, 'Humans of New York : Stories', 32, 4.9, 2812, 17, 2015, 2),
(176, 'Hyperbole and a Half: Unfortunate Situations, Flawed Coping Mechanisms, Mayhem, and Other Things That Happened', 10, 4.7, 4896, 17, 2013, 2),
(177, 'I Am Confident, Brave & Beautiful: A Coloring Book for Girls', 108, 4.8, 9737, 7, 2019, 2),
(178, 'I, Alex Cross', 118, 4.6, 1320, 7, 2009, 1),
(179, 'If Animals Kissed Good Night', 20, 4.8, 16643, 4, 2017, 1),
(180, 'If Animals Kissed Good Night', 20, 4.8, 16643, 4, 2019, 1),
(181, 'If I Stay', 94, 4.3, 7153, 9, 2014, 1),
(182, 'In the Garden of Beasts: Love, Terror, and an American Family in Hitler\'s Berlin', 85, 4.4, 4571, 21, 2011, 2),
(183, 'Inferno', 54, 4.1, 29651, 14, 2013, 1),
(184, 'Inheritance: Book IV (Inheritance Cycle)', 48, 4.6, 5299, 20, 2011, 1),
(185, 'Instant Pot Pressure Cooker Cookbook: 500 Everyday Recipes for Beginners and Advanced Users. Try Easy and Healthy…', 123, 4.4, 7396, 13, 2019, 2),
(186, 'Instant Pot Pressure Cooker Cookbook: 500 Everyday Recipes for Beginners and Advanced Users. Try Easy and Healthy…', 123, 4.4, 7396, 13, 2018, 2),
(187, 'It\'s Not Supposed to Be This Way: Finding Unexpected Strength When Disappointments Leave You Shattered', 148, 4.8, 7062, 12, 2019, 2),
(188, 'Jesus Calling: Enjoying Peace in His Presence (with Scripture References)', 212, 4.9, 19576, 8, 2011, 2),
(189, 'Jesus Calling: Enjoying Peace in His Presence (with Scripture References)', 212, 4.9, 19576, 8, 2012, 2),
(190, 'Jesus Calling: Enjoying Peace in His Presence (with Scripture References)', 212, 4.9, 19576, 8, 2013, 2),
(191, 'Jesus Calling: Enjoying Peace in His Presence (with Scripture References)', 212, 4.9, 19576, 8, 2014, 2),
(192, 'Jesus Calling: Enjoying Peace in His Presence (with Scripture References)', 212, 4.9, 19576, 8, 2015, 2),
(193, 'Jesus Calling: Enjoying Peace in His Presence (with Scripture References)', 212, 4.9, 19576, 8, 2016, 2),
(194, 'JOURNEY TO THE ICE P', 190, 4.6, 978, 0, 2014, 1),
(195, 'Joyland (Hard Case Crime)', 220, 4.5, 4748, 12, 2013, 1),
(196, 'Killers of the Flower Moon: The Osage Murders and the Birth of the FBI', 62, 4.6, 8393, 17, 2017, 2),
(197, 'Killing Jesus (Bill O\'Reilly\'s Killing Series)', 28, 4.5, 11391, 12, 2013, 2),
(198, 'Killing Kennedy: The End of Camelot', 28, 4.6, 8634, 25, 2012, 2),
(199, 'Killing Lincoln: The Shocking Assassination that Changed America Forever (Bill O\'Reilly\'s Killing Series)', 28, 4.7, 9342, 10, 2011, 2),
(200, 'Killing Lincoln: The Shocking Assassination that Changed America Forever (Bill O\'Reilly\'s Killing Series)', 28, 4.7, 9342, 10, 2012, 2),
(201, 'Killing Patton: The Strange Death of World War II\'s Most Audacious General (Bill O\'Reilly\'s Killing Series)', 28, 4.6, 10927, 6, 2014, 2),
(202, 'Killing Reagan: The Violent Assault That Changed a Presidency (Bill O\'Reilly\'s Killing Series)', 28, 4.6, 5235, 5, 2015, 2),
(203, 'Killing the Rising Sun: How America Vanquished World War II Japan (Bill O\'Reilly\'s Killing Series)', 28, 4.8, 8916, 6, 2016, 2),
(204, 'Kitchen Confidential Updated Edition: Adventures in the Culinary Underbelly (P.S.)', 21, 4.8, 2507, 8, 2018, 2),
(205, 'Knock-Knock Jokes for Kids', 200, 4.5, 3673, 4, 2013, 2),
(206, 'Knock-Knock Jokes for Kids', 200, 4.5, 3673, 4, 2014, 2),
(207, 'Knock-Knock Jokes for Kids', 200, 4.5, 3673, 4, 2015, 2),
(208, 'Last Week Tonight with John Oliver Presents A Day in the Life of Marlon Bundo (Better Bundo Book, LGBT Childrens Book)', 124, 4.9, 11881, 13, 2018, 1),
(209, 'Laugh-Out-Loud Jokes for Kids', 200, 4.6, 6990, 4, 2013, 2),
(210, 'Laugh-Out-Loud Jokes for Kids', 200, 4.6, 6990, 4, 2014, 2),
(211, 'Laugh-Out-Loud Jokes for Kids', 200, 4.6, 6990, 4, 2015, 2),
(212, 'Laugh-Out-Loud Jokes for Kids', 200, 4.6, 6990, 4, 2016, 2),
(213, 'Laugh-Out-Loud Jokes for Kids', 200, 4.6, 6990, 4, 2017, 2),
(214, 'Lean In: Women, Work, and the Will to Lead', 217, 4.5, 6132, 13, 2013, 2),
(215, 'Leonardo da Vinci', 244, 4.5, 3014, 21, 2017, 2),
(216, 'Lettering and Modern Calligraphy: A Beginner\'s Guide: Learn Hand Lettering and Brush Lettering', 177, 4.4, 7550, 6, 2018, 2),
(217, 'Liberty and Tyranny: A Conservative Manifesto', 159, 4.8, 3828, 15, 2009, 2),
(218, 'Life', 139, 4.5, 2752, 18, 2010, 2),
(219, 'Little Bee: A Novel', 44, 4.1, 1467, 10, 2010, 1),
(220, 'Little Blue Truck', 9, 4.9, 1884, 0, 2014, 1),
(221, 'Little Fires Everywhere', 37, 4.5, 25706, 12, 2018, 1),
(222, 'Looking for Alaska', 129, 4.5, 8491, 7, 2014, 1),
(223, 'Love Wins: A Book About Heaven, Hell, and the Fate of Every Person Who Ever Lived', 199, 4.2, 1649, 13, 2011, 2),
(224, 'Love You Forever', 202, 4.8, 18613, 5, 2014, 1),
(225, 'Love You Forever', 202, 4.8, 18613, 5, 2015, 1),
(226, 'Magnolia Table: A Collection of Recipes for Gathering', 126, 4.8, 9867, 16, 2018, 2),
(227, 'Make It Ahead: A Barefoot Contessa Cookbook', 111, 4.5, 1386, 20, 2014, 2),
(228, 'Make Your Bed: Little Things That Can Change Your Life...And Maybe the World', 5, 4.7, 10199, 11, 2017, 2),
(229, 'Mastering the Art of French Cooking, Vol. 2', 136, 4.8, 2926, 27, 2009, 2),
(230, 'Milk and Honey', 206, 4.7, 17739, 8, 2016, 2),
(231, 'Milk and Honey', 206, 4.7, 17739, 8, 2017, 2),
(232, 'Milk and Honey', 206, 4.7, 17739, 8, 2018, 2),
(233, 'Milk and Vine: Inspirational Quotes From Classic Vines', 2, 4.4, 3113, 6, 2017, 2),
(234, 'Mindset: The New Psychology of Success', 36, 4.6, 5542, 10, 2014, 2),
(235, 'Mindset: The New Psychology of Success', 36, 4.6, 5542, 10, 2015, 2),
(236, 'Mindset: The New Psychology of Success', 36, 4.6, 5542, 10, 2016, 2),
(237, 'Mockingjay (The Hunger Games)', 227, 4.5, 26741, 8, 2010, 1),
(238, 'Mockingjay (The Hunger Games)', 227, 4.5, 26741, 8, 2011, 1),
(239, 'Mockingjay (The Hunger Games)', 227, 4.5, 26741, 8, 2012, 1),
(240, 'National Geographic Kids Why?: Over 1,111 Answers to Everything', 51, 4.8, 5347, 16, 2019, 2),
(241, 'National Geographic Little Kids First Big Book of Why (National Geographic Little Kids First Big Books)', 15, 4.8, 7866, 11, 2019, 2),
(242, 'New Moon (The Twilight Saga)', 222, 4.6, 5680, 10, 2009, 1),
(243, 'Night (Night)', 81, 4.7, 5178, 9, 2016, 2),
(244, 'No Easy Day: The Autobiography of a Navy Seal: The Firsthand Account of the Mission That Killed Osama Bin Laden', 158, 4.6, 8093, 14, 2012, 2),
(245, 'Obama: An Intimate Portrait', 184, 4.9, 3192, 22, 2017, 2),
(246, 'Oh, the Places You\'ll Go!', 74, 4.9, 21834, 8, 2012, 1),
(247, 'Oh, the Places You\'ll Go!', 74, 4.9, 21834, 8, 2013, 1),
(248, 'Oh, the Places You\'ll Go!', 74, 4.9, 21834, 8, 2014, 1),
(249, 'Oh, the Places You\'ll Go!', 74, 4.9, 21834, 8, 2015, 1),
(250, 'Oh, the Places You\'ll Go!', 74, 4.9, 21834, 8, 2016, 1),
(251, 'Oh, the Places You\'ll Go!', 74, 4.9, 21834, 8, 2017, 1),
(252, 'Oh, the Places You\'ll Go!', 74, 4.9, 21834, 8, 2018, 1),
(253, 'Oh, the Places You\'ll Go!', 74, 4.9, 21834, 8, 2019, 1),
(254, 'Old School (Diary of a Wimpy Kid #10)', 121, 4.8, 6169, 7, 2015, 1),
(255, 'Olive Kitteridge', 82, 4.2, 4519, 12, 2009, 1),
(256, 'One Thousand Gifts: A Dare to Live Fully Right Where You Are', 19, 4.6, 3163, 13, 2011, 2),
(257, 'One Thousand Gifts: A Dare to Live Fully Right Where You Are', 19, 4.6, 3163, 13, 2012, 2),
(258, 'Option B: Facing Adversity, Building Resilience, and Finding Joy', 217, 4.5, 1831, 9, 2017, 2),
(259, 'Origin: A Novel (Robert Langdon)', 54, 4.3, 18904, 13, 2017, 1),
(260, 'Orphan Train', 47, 4.6, 21930, 11, 2014, 1),
(261, 'Outliers: The Story of Success', 151, 4.6, 10426, 20, 2009, 2),
(262, 'Outliers: The Story of Success', 151, 4.6, 10426, 20, 2010, 2),
(263, 'P is for Potty! (Sesame Street) (Lift-the-Flap)', 173, 4.7, 10820, 5, 2018, 2),
(264, 'P is for Potty! (Sesame Street) (Lift-the-Flap)', 173, 4.7, 10820, 5, 2019, 2),
(265, 'Percy Jackson and the Olympians Paperback Boxed Set (Books 1-3)', 198, 4.8, 548, 2, 2010, 1),
(266, 'Player\'s Handbook (Dungeons & Dragons)', 247, 4.8, 16990, 27, 2017, 1),
(267, 'Player\'s Handbook (Dungeons & Dragons)', 247, 4.8, 16990, 27, 2018, 1),
(268, 'Player\'s Handbook (Dungeons & Dragons)', 247, 4.8, 16990, 27, 2019, 1),
(269, 'Pokémon Deluxe Essential Handbook: The Need-to-Know Stats and Facts on Over 700 Pokémon', 214, 4.7, 3503, 9, 2016, 1),
(270, 'Proof of Heaven: A Neurosurgeon\'s Journey into the Afterlife', 78, 4.3, 13616, 10, 2012, 2),
(271, 'Proof of Heaven: A Neurosurgeon\'s Journey into the Afterlife', 78, 4.3, 13616, 10, 2013, 2),
(272, 'Publication Manual of the American Psychological Association, 6th Edition', 12, 4.5, 8580, 46, 2009, 2),
(273, 'Publication Manual of the American Psychological Association, 6th Edition', 12, 4.5, 8580, 46, 2010, 2),
(274, 'Publication Manual of the American Psychological Association, 6th Edition', 12, 4.5, 8580, 46, 2011, 2),
(275, 'Publication Manual of the American Psychological Association, 6th Edition', 12, 4.5, 8580, 46, 2012, 2),
(276, 'Publication Manual of the American Psychological Association, 6th Edition', 12, 4.5, 8580, 46, 2013, 2),
(277, 'Publication Manual of the American Psychological Association, 6th Edition', 12, 4.5, 8580, 46, 2014, 2),
(278, 'Publication Manual of the American Psychological Association, 6th Edition', 12, 4.5, 8580, 46, 2015, 2),
(279, 'Publication Manual of the American Psychological Association, 6th Edition', 12, 4.5, 8580, 46, 2016, 2),
(280, 'Publication Manual of the American Psychological Association, 6th Edition', 12, 4.5, 8580, 46, 2017, 2),
(281, 'Publication Manual of the American Psychological Association, 6th Edition', 12, 4.5, 8580, 46, 2018, 2),
(282, 'Puppy Birthday to You! (Paw Patrol) (Little Golden Book)', 103, 4.8, 4757, 4, 2017, 1),
(283, 'Quiet: The Power of Introverts in a World That Can\'t Stop Talking', 226, 4.6, 10009, 20, 2012, 2),
(284, 'Quiet: The Power of Introverts in a World That Can\'t Stop Talking', 226, 4.6, 10009, 7, 2013, 2),
(285, 'Radical: Taking Back Your Faith from the American Dream', 65, 4.7, 1985, 9, 2010, 2),
(286, 'Radical: Taking Back Your Faith from the American Dream', 65, 4.7, 1985, 9, 2011, 2),
(287, 'Ready Player One: A Novel', 86, 4.6, 22536, 12, 2017, 1),
(288, 'Ready Player One: A Novel', 86, 4.6, 22536, 12, 2018, 1),
(289, 'Rush Revere and the Brave Pilgrims: Time-Travel Adventures with Exceptional Americans (1)', 207, 4.9, 7150, 12, 2013, 1),
(290, 'Rush Revere and the First Patriots: Time-Travel Adventures With Exceptional Americans (2)', 207, 4.9, 3836, 12, 2014, 1),
(291, 'Salt, Fat, Acid, Heat: Mastering the Elements of Good Cooking', 208, 4.8, 7802, 20, 2018, 2),
(292, 'Salt, Fat, Acid, Heat: Mastering the Elements of Good Cooking', 208, 4.8, 7802, 20, 2019, 2),
(293, 'Sarah\'s Key', 230, 4.6, 3619, 10, 2010, 1),
(294, 'School Zone - Big Preschool Workbook - Ages 4 and Up, Colors, Shapes, Numbers 1-10, Alphabet, Pre-Writing, Pre-Reading…', 215, 4.8, 23047, 6, 2018, 2),
(295, 'School Zone - Big Preschool Workbook - Ages 4 and Up, Colors, Shapes, Numbers 1-10, Alphabet, Pre-Writing, Pre-Reading…', 215, 4.8, 23047, 6, 2019, 2),
(296, 'Secret Garden: An Inky Treasure Hunt and Coloring Book (For Adults, mindfulness coloring)', 128, 4.7, 9366, 9, 2015, 2),
(297, 'Sh*t My Dad Says', 137, 4.7, 1265, 11, 2010, 2),
(298, 'Ship of Fools: How a Selfish Ruling Class Is Bringing America to the Brink of Revolution', 241, 4.8, 3923, 16, 2018, 2),
(299, 'Shred: The Revolutionary Diet: 6 Weeks 4 Inches 2 Sizes', 110, 4.1, 2272, 6, 2013, 2),
(300, 'Sookie Stackhouse', 38, 4.7, 973, 25, 2009, 1),
(301, 'Soul Healing Miracles: Ancient and New Sacred Wisdom, Knowledge, and Practical Techniques for Healing the Spiritual…', 248, 4.6, 220, 17, 2013, 2),
(302, 'Steve Jobs', 244, 4.6, 7827, 20, 2011, 2),
(303, 'Steve Jobs', 244, 4.6, 7827, 20, 2012, 2),
(304, 'Strange Planet (Strange Planet Series)', 174, 4.9, 9382, 6, 2019, 1),
(305, 'StrengthsFinder 2.0', 91, 4, 5069, 17, 2009, 2),
(306, 'StrengthsFinder 2.0', 91, 4, 5069, 17, 2010, 2),
(307, 'StrengthsFinder 2.0', 91, 4, 5069, 17, 2011, 2),
(308, 'StrengthsFinder 2.0', 91, 4, 5069, 17, 2012, 2),
(309, 'StrengthsFinder 2.0', 91, 4, 5069, 17, 2013, 2),
(310, 'StrengthsFinder 2.0', 91, 4, 5069, 17, 2014, 2),
(311, 'StrengthsFinder 2.0', 91, 4, 5069, 17, 2015, 2),
(312, 'StrengthsFinder 2.0', 91, 4, 5069, 17, 2016, 2),
(313, 'StrengthsFinder 2.0', 91, 4, 5069, 17, 2017, 2),
(314, 'Super Freakonomics: Global Cooling, Patriotic Prostitutes, and Why Suicide Bombers Should Buy Life Insurance', 224, 4.5, 1583, 18, 2009, 2),
(315, 'Switch: How to Change Things When Change Is Hard', 43, 4.6, 1907, 13, 2010, 2),
(316, 'Sycamore Row (Jake Brigance)', 130, 4.5, 23114, 18, 2013, 1),
(317, 'Teach Like a Champion: 49 Techniques that Put Students on the Path to College', 73, 4.4, 637, 20, 2010, 2),
(318, 'Teach Like a Champion: 49 Techniques that Put Students on the Path to College', 73, 4.4, 637, 20, 2011, 2),
(319, 'The 17 Day Diet: A Doctor\'s Plan Designed for Rapid Results', 170, 4.3, 2314, 22, 2011, 2),
(320, 'The 4 Hour Body: An Uncommon Guide to Rapid Fat Loss, Incredible Sex and Becoming Superhuman', 237, 4.3, 4587, 21, 2011, 2),
(321, 'The 5 Love Languages: The Secret to Love That Lasts', 93, 4.7, 3477, 28, 2010, 2),
(322, 'The 5 Love Languages: The Secret to Love That Lasts', 93, 4.7, 3477, 28, 2011, 2),
(323, 'The 5 Love Languages: The Secret to Love That Lasts', 93, 4.7, 3477, 28, 2012, 2),
(324, 'The 5 Love Languages: The Secret to Love That Lasts', 93, 4.7, 3477, 28, 2013, 2),
(325, 'The 5 Love Languages: The Secret to Love That Lasts', 93, 4.7, 3477, 28, 2014, 2),
(326, 'The 5 Love Languages: The Secret to Love that Lasts', 93, 4.8, 25554, 8, 2015, 2),
(327, 'The 5 Love Languages: The Secret to Love that Lasts', 93, 4.8, 25554, 8, 2016, 2),
(328, 'The 5 Love Languages: The Secret to Love that Lasts', 93, 4.8, 25554, 8, 2017, 2),
(329, 'The 5 Love Languages: The Secret to Love that Lasts', 93, 4.8, 25554, 8, 2018, 2),
(330, 'The 5 Love Languages: The Secret to Love that Lasts', 93, 4.8, 25554, 8, 2019, 2),
(331, 'The 5000 Year Leap', 243, 4.8, 1680, 12, 2009, 2),
(332, 'The 7 Habits of Highly Effective People: Powerful Lessons in Personal Change', 221, 4.6, 9325, 24, 2009, 2),
(333, 'The 7 Habits of Highly Effective People: Powerful Lessons in Personal Change', 221, 4.6, 9325, 24, 2011, 2),
(334, 'The 7 Habits of Highly Effective People: Powerful Lessons in Personal Change', 221, 4.6, 9325, 24, 2012, 2),
(335, 'The 7 Habits of Highly Effective People: Powerful Lessons in Personal Change', 221, 4.6, 9325, 24, 2013, 2),
(336, 'The 7 Habits of Highly Effective People: Powerful Lessons in Personal Change', 221, 4.7, 4725, 16, 2015, 2),
(337, 'The 7 Habits of Highly Effective People: Powerful Lessons in Personal Change', 221, 4.7, 4725, 16, 2016, 2),
(338, 'The 7 Habits of Highly Effective People: Powerful Lessons in Personal Change', 221, 4.7, 4725, 16, 2017, 2),
(339, 'The Alchemist', 183, 4.7, 35799, 39, 2014, 1),
(340, 'The Amateur', 79, 4.6, 2580, 9, 2012, 2),
(341, 'The Art of Racing in the Rain: A Novel', 92, 4.7, 11813, 10, 2010, 1),
(342, 'The Art of Racing in the Rain: A Novel', 92, 4.7, 11813, 10, 2011, 1),
(343, 'The Big Short: Inside the Doomsday Machine', 166, 4.7, 3536, 17, 2010, 2),
(344, 'The Blood of Olympus (The Heroes of Olympus (5))', 198, 4.8, 6600, 11, 2014, 1),
(345, 'The Blood Sugar Solution: The UltraHealthy Program for Losing Weight, Preventing Disease, and Feeling Great Now!', 156, 4.2, 1789, 14, 2012, 2),
(346, 'The Body Keeps the Score: Brain, Mind, and Body in the Healing of Trauma', 26, 4.8, 12361, 12, 2019, 2),
(347, 'The Book of Basketball: The NBA According to The Sports Guy', 29, 4.7, 858, 53, 2009, 2),
(348, 'The Book Thief', 161, 4.6, 23148, 6, 2013, 1),
(349, 'The Book Thief', 161, 4.6, 23148, 6, 2014, 1),
(350, 'The Book with No Pictures', 25, 4.8, 8081, 8, 2014, 1),
(351, 'The Book with No Pictures', 25, 4.8, 8081, 8, 2015, 1),
(352, 'The Boys in the Boat: Nine Americans and Their Epic Quest for Gold at the 1936 Berlin Olympics', 56, 4.8, 23358, 12, 2014, 2),
(353, 'The Boys in the Boat: Nine Americans and Their Epic Quest for Gold at the 1936 Berlin Olympics', 56, 4.8, 23358, 12, 2015, 2),
(354, 'The Casual Vacancy', 114, 3.3, 9372, 12, 2012, 1),
(355, 'The China Study: The Most Comprehensive Study of Nutrition Ever Conducted And the Startling Implications for Diet…', 234, 4.7, 4633, 21, 2011, 2),
(356, 'The Complete Ketogenic Diet for Beginners: Your Essential Guide to Living the Keto Lifestyle', 14, 4.3, 13061, 6, 2018, 2),
(357, 'The Complete Ketogenic Diet for Beginners: Your Essential Guide to Living the Keto Lifestyle', 14, 4.3, 13061, 6, 2019, 2),
(358, 'The Confession: A Novel', 130, 4.3, 3523, 13, 2010, 1),
(359, 'The Constitution of the United States', 68, 4.8, 2774, 0, 2016, 2),
(360, 'The Daily Show with Jon Stewart Presents Earth (The Book): A Visitor\'s Guide to the Human Race', 133, 4.4, 440, 11, 2010, 2),
(361, 'The Day the Crayons Quit', 76, 4.8, 8922, 9, 2013, 1),
(362, 'The Day the Crayons Quit', 76, 4.8, 8922, 9, 2014, 1),
(363, 'The Day the Crayons Quit', 76, 4.8, 8922, 9, 2015, 1),
(364, 'The Dukan Diet: 2 Steps to Lose the Weight, 2 Steps to Keep It Off Forever', 187, 4.1, 2023, 15, 2011, 2),
(365, 'The Elegance of the Hedgehog', 172, 4, 1859, 11, 2009, 1),
(366, 'The Fault in Our Stars', 129, 4.7, 50482, 13, 2012, 1),
(367, 'The Fault in Our Stars', 129, 4.7, 50482, 13, 2013, 1),
(368, 'The Fault in Our Stars', 129, 4.7, 50482, 7, 2014, 1),
(369, 'The Fault in Our Stars', 129, 4.7, 50482, 13, 2014, 1),
(370, 'The Five Dysfunctions of a Team: A Leadership Fable', 178, 4.6, 3207, 6, 2009, 2),
(371, 'The Five Dysfunctions of a Team: A Leadership Fable', 178, 4.6, 3207, 6, 2010, 2),
(372, 'The Five Dysfunctions of a Team: A Leadership Fable', 178, 4.6, 3207, 6, 2011, 2),
(373, 'The Five Dysfunctions of a Team: A Leadership Fable', 178, 4.6, 3207, 6, 2012, 2),
(374, 'The Five Dysfunctions of a Team: A Leadership Fable', 178, 4.6, 3207, 6, 2013, 2),
(375, 'The Five Love Languages: How to Express Heartfelt Commitment to Your Mate', 93, 4.6, 803, 9, 2009, 2),
(376, 'The Four Agreements: A Practical Guide to Personal Freedom (A Toltec Wisdom Book)', 71, 4.7, 23308, 6, 2013, 2),
(377, 'The Four Agreements: A Practical Guide to Personal Freedom (A Toltec Wisdom Book)', 71, 4.7, 23308, 6, 2015, 2),
(378, 'The Four Agreements: A Practical Guide to Personal Freedom (A Toltec Wisdom Book)', 71, 4.7, 23308, 6, 2016, 2),
(379, 'The Four Agreements: A Practical Guide to Personal Freedom (A Toltec Wisdom Book)', 71, 4.7, 23308, 6, 2017, 2),
(380, 'The Four Agreements: A Practical Guide to Personal Freedom (A Toltec Wisdom Book)', 71, 4.7, 23308, 6, 2018, 2),
(381, 'The Four Agreements: A Practical Guide to Personal Freedom (A Toltec Wisdom Book)', 71, 4.7, 23308, 6, 2019, 2),
(382, 'The Getaway', 121, 4.8, 5836, 0, 2017, 1),
(383, 'The Girl on the Train', 181, 4.1, 79446, 18, 2015, 1),
(384, 'The Girl on the Train', 181, 4.1, 79446, 7, 2016, 1),
(385, 'The Girl Who Kicked the Hornet\'s Nest (Millennium Trilogy)', 225, 4.7, 7747, 14, 2010, 1),
(386, 'The Girl Who Kicked the Hornet\'s Nest (Millennium Trilogy)', 225, 4.7, 7747, 14, 2011, 1),
(387, 'The Girl Who Played with Fire (Millennium Series)', 225, 4.7, 7251, 9, 2010, 1),
(388, 'The Girl Who Played with Fire (Millennium)', 225, 4.7, 7251, 16, 2009, 1),
(389, 'The Girl with the Dragon Tattoo (Millennium Series)', 225, 4.4, 10559, 2, 2009, 1),
(390, 'The Girl with the Dragon Tattoo (Millennium Series)', 225, 4.4, 10559, 2, 2010, 1),
(391, 'The Going-To-Bed Book', 209, 4.8, 5249, 5, 2016, 1),
(392, 'The Going-To-Bed Book', 209, 4.8, 5249, 5, 2017, 1),
(393, 'The Goldfinch: A Novel (Pulitzer Prize for Fiction)', 72, 3.9, 33844, 20, 2013, 1),
(394, 'The Goldfinch: A Novel (Pulitzer Prize for Fiction)', 72, 3.9, 33844, 20, 2014, 1),
(395, 'The Great Gatsby', 88, 4.4, 11616, 7, 2012, 1),
(396, 'The Great Gatsby', 88, 4.4, 11616, 7, 2013, 1),
(397, 'The Great Gatsby', 88, 4.4, 11616, 7, 2014, 1),
(398, 'The Guardians: A Novel', 130, 4.5, 13609, 14, 2019, 1),
(399, 'The Guernsey Literary and Potato Peel Pie Society', 163, 4.7, 8587, 10, 2009, 1),
(400, 'The Handmaid\'s Tale', 152, 4.3, 29442, 7, 2017, 1),
(401, 'The Harbinger: The Ancient Mystery that Holds the Secret of America\'s Future', 134, 4.6, 11098, 13, 2012, 1),
(402, 'The Hate U Give', 18, 4.8, 9947, 11, 2018, 1),
(403, 'The Help', 138, 4.8, 13871, 6, 2009, 1),
(404, 'The Help', 138, 4.8, 13871, 6, 2010, 1),
(405, 'The Help', 138, 4.8, 13871, 8, 2011, 1),
(406, 'The Help', 138, 4.8, 13871, 7, 2011, 1),
(407, 'The House of Hades (Heroes of Olympus, Book 4)', 198, 4.8, 6982, 14, 2013, 1),
(408, 'The Hunger Games', 227, 4.7, 32122, 14, 2010, 1),
(409, 'The Hunger Games (Book 1)', 227, 4.7, 32122, 8, 2011, 1),
(410, 'The Hunger Games (Book 1)', 227, 4.7, 32122, 8, 2012, 1),
(411, 'The Hunger Games Trilogy Boxed Set (1)', 227, 4.8, 16949, 30, 2011, 1),
(412, 'The Hunger Games Trilogy Boxed Set (1)', 227, 4.8, 16949, 30, 2012, 1),
(413, 'The Immortal Life of Henrietta Lacks', 196, 4.7, 9289, 13, 2010, 2),
(414, 'The Immortal Life of Henrietta Lacks', 196, 4.7, 9289, 9, 2011, 2),
(415, 'The Immortal Life of Henrietta Lacks', 196, 4.7, 9289, 9, 2012, 2),
(416, 'The Instant Pot Electric Pressure Cooker Cookbook: Easy Recipes for Fast & Healthy Meals', 146, 4.3, 7368, 7, 2017, 2),
(417, 'The Instant Pot Electric Pressure Cooker Cookbook: Easy Recipes for Fast & Healthy Meals', 146, 4.3, 7368, 7, 2018, 2),
(418, 'The Last Lecture', 194, 4.7, 4028, 9, 2009, 2),
(419, 'The Last Olympian (Percy Jackson and the Olympians, Book 5)', 198, 4.8, 4628, 7, 2009, 1),
(420, 'The Last Olympian (Percy Jackson and the Olympians, Book 5)', 198, 4.8, 4628, 7, 2010, 1),
(421, 'The Legend of Zelda: Hyrule Historia', 179, 4.9, 5396, 20, 2013, 1),
(422, 'The Lego Ideas Book: Unlock Your Imagination', 58, 4.4, 4247, 13, 2011, 2),
(423, 'The Lego Ideas Book: Unlock Your Imagination', 58, 4.4, 4247, 13, 2012, 2),
(424, 'The Life-Changing Magic of Tidying Up: The Japanese Art of Decluttering and Organizing', 154, 4.5, 22641, 11, 2015, 2),
(425, 'The Life-Changing Magic of Tidying Up: The Japanese Art of Decluttering and Organizing', 154, 4.5, 22641, 11, 2016, 2),
(426, 'The Life-Changing Magic of Tidying Up: The Japanese Art of Decluttering and Organizing', 154, 4.5, 22641, 11, 2017, 2),
(427, 'The Life-Changing Magic of Tidying Up: The Japanese Art of Decluttering and Organizing', 154, 4.5, 22641, 11, 2019, 2),
(428, 'The Litigators', 130, 4.4, 6222, 18, 2011, 1),
(429, 'The Lost Hero (Heroes of Olympus, Book 1)', 198, 4.8, 4506, 14, 2010, 1),
(430, 'The Lost Symbol', 54, 4.2, 8747, 19, 2009, 1),
(431, 'The Love Dare', 219, 4.8, 1655, 13, 2009, 2),
(432, 'The Magnolia Story', 42, 4.9, 7861, 5, 2016, 2),
(433, 'The Mark of Athena (Heroes of Olympus, Book 3)', 198, 4.8, 6247, 10, 2012, 1),
(434, 'The Martian', 16, 4.7, 39459, 9, 2015, 1),
(435, 'The Maze Runner (Book 1)', 117, 4.5, 10101, 8, 2014, 1),
(436, 'The Meltdown (Diary of a Wimpy Kid Book 13)', 121, 4.8, 5898, 8, 2018, 1),
(437, 'The Mueller Report', 233, 4.6, 2744, 12, 2019, 2),
(438, 'The Nightingale: A Novel', 143, 4.8, 49288, 11, 2015, 1),
(439, 'The Nightingale: A Novel', 143, 4.8, 49288, 11, 2016, 1),
(440, 'The Official SAT Study Guide', 231, 4.4, 1201, 40, 2010, 2),
(441, 'The Official SAT Study Guide', 231, 4.4, 1201, 40, 2011, 2),
(442, 'The Official SAT Study Guide', 231, 4.4, 1201, 40, 2012, 2),
(443, 'The Official SAT Study Guide', 231, 4.4, 1201, 40, 2013, 2),
(444, 'The Official SAT Study Guide', 231, 4.4, 1201, 40, 2014, 2),
(445, 'The Official SAT Study Guide, 2016 Edition (Official Study Guide for the New Sat)', 231, 4.3, 807, 36, 2016, 2),
(446, 'The Paris Wife: A Novel', 182, 4.3, 3759, 16, 2011, 1),
(447, 'The Pioneer Woman Cooks: A Year of Holidays: 140 Step-by-Step Recipes for Simple, Scrumptious Celebrations', 197, 4.8, 2663, 17, 2013, 2),
(448, 'The Pioneer Woman Cooks: Dinnertime - Comfort Classics, Freezer Food, 16-minute Meals, and Other Delicious Ways to Solve…', 197, 4.8, 3428, 14, 2015, 2),
(449, 'The Pioneer Woman Cooks: Food from My Frontier', 197, 4.8, 2876, 21, 2012, 2),
(450, 'The Plant Paradox Cookbook: 100 Delicious Recipes to Help You Lose Weight, Heal Your Gut, and Live Lectin-Free', 75, 4.5, 3601, 18, 2018, 2),
(451, 'The Plant Paradox: The Hidden Dangers in \"Healthy\" Foods That Cause Disease and Weight Gain', 75, 4.4, 7058, 17, 2018, 2),
(452, 'The Pout-Pout Fish', 67, 4.8, 9784, 5, 2017, 1),
(453, 'The Pout-Pout Fish', 67, 4.8, 9784, 5, 2018, 1),
(454, 'The Power of Habit: Why We Do What We Do in Life and Business', 39, 4.6, 10795, 21, 2012, 2),
(455, 'The President Is Missing: A Novel', 118, 4.3, 10191, 18, 2018, 1),
(456, 'The Racketeer', 130, 4.3, 14493, 18, 2012, 1),
(457, 'The Red Pyramid (The Kane Chronicles, Book 1)', 198, 4.6, 2186, 12, 2010, 1),
(458, 'The Road to Serfdom: Text and Documents--The Definitive Edition (The Collected Works of F. A. Hayek, Volume 2)', 87, 4.6, 1204, 14, 2010, 2),
(459, 'The Serpent\'s Shadow (The Kane Chronicles, Book 3)', 198, 4.8, 2091, 12, 2012, 1),
(460, 'The Shack: Where Tragedy Confronts Eternity', 246, 4.6, 19720, 8, 2009, 1),
(461, 'The Shack: Where Tragedy Confronts Eternity', 246, 4.6, 19720, 8, 2017, 1),
(462, 'The Short Second Life of Bree Tanner: An Eclipse Novella (The Twilight Saga)', 222, 4.6, 2122, 0, 2010, 1),
(463, 'The Silent Patient', 8, 4.5, 27536, 14, 2019, 1),
(464, 'The Son of Neptune (Heroes of Olympus, Book 2)', 198, 4.8, 4290, 10, 2011, 1),
(465, 'The Subtle Art of Not Giving a F*ck: A Counterintuitive Approach to Living a Good Life', 157, 4.6, 26490, 15, 2017, 2),
(466, 'The Subtle Art of Not Giving a F*ck: A Counterintuitive Approach to Living a Good Life', 157, 4.6, 26490, 15, 2018, 2),
(467, 'The Subtle Art of Not Giving a F*ck: A Counterintuitive Approach to Living a Good Life', 157, 4.6, 26490, 15, 2019, 2),
(468, 'The Sun and Her Flowers', 206, 4.7, 5487, 9, 2017, 2),
(469, 'The Third Wheel (Diary of a Wimpy Kid, Book 7)', 121, 4.7, 6377, 7, 2012, 1),
(470, 'The Throne of Fire (The Kane Chronicles, Book 2)', 198, 4.7, 1463, 10, 2011, 1),
(471, 'The Time Traveler\'s Wife', 24, 4.4, 3759, 6, 2009, 1),
(472, 'The Tipping Point: How Little Things Can Make a Big Difference', 151, 4.4, 3503, 9, 2009, 2),
(473, 'The Total Money Makeover: Classic Edition: A Proven Plan for Financial Fitness', 60, 4.7, 11550, 10, 2019, 2),
(474, 'The Twilight Saga Collection', 222, 4.7, 3801, 82, 2009, 1),
(475, 'The Ugly Truth (Diary of a Wimpy Kid, Book 5)', 121, 4.8, 3796, 12, 2010, 1),
(476, 'The Unofficial Harry Potter Cookbook: From Cauldron Cakes to Knickerbocker Glory--More Than 150 Magical Recipes for…', 70, 4.7, 9030, 10, 2019, 2),
(477, 'The Very Hungry Caterpillar', 84, 4.9, 19546, 5, 2013, 1),
(478, 'The Very Hungry Caterpillar', 84, 4.9, 19546, 5, 2014, 1),
(479, 'The Very Hungry Caterpillar', 84, 4.9, 19546, 5, 2015, 1),
(480, 'The Very Hungry Caterpillar', 84, 4.9, 19546, 5, 2016, 1),
(481, 'The Very Hungry Caterpillar', 84, 4.9, 19546, 5, 2017, 1),
(482, 'The Very Hungry Caterpillar', 84, 4.9, 19546, 5, 2018, 1),
(483, 'The Very Hungry Caterpillar', 84, 4.9, 19546, 5, 2019, 1),
(484, 'The Whole30: The 30-Day Guide to Total Health and Food Freedom', 165, 4.6, 7508, 16, 2015, 2),
(485, 'The Whole30: The 30-Day Guide to Total Health and Food Freedom', 165, 4.6, 7508, 16, 2016, 2),
(486, 'The Whole30: The 30-Day Guide to Total Health and Food Freedom', 165, 4.6, 7508, 16, 2017, 2),
(487, 'The Wonderful Things You Will Be', 83, 4.9, 8842, 10, 2016, 1),
(488, 'The Wonderful Things You Will Be', 83, 4.9, 8842, 10, 2017, 1),
(489, 'The Wonderful Things You Will Be', 83, 4.9, 8842, 10, 2018, 1),
(490, 'The Wonderful Things You Will Be', 83, 4.9, 8842, 10, 2019, 1),
(491, 'The Wonky Donkey', 50, 4.8, 30183, 4, 2018, 1),
(492, 'The Wonky Donkey', 50, 4.8, 30183, 4, 2019, 1),
(493, 'The Wright Brothers', 63, 4.7, 6169, 16, 2015, 2),
(494, 'Things That Matter: Three Decades of Passions, Pastimes and Politics [Deckled Edge]', 40, 4.7, 7034, 15, 2013, 2),
(495, 'Thinking, Fast and Slow', 57, 4.6, 11034, 19, 2011, 2),
(496, 'Thinking, Fast and Slow', 57, 4.6, 11034, 19, 2012, 2),
(497, 'Thirteen Reasons Why', 119, 4.5, 7932, 9, 2017, 1),
(498, 'Thomas Jefferson: The Art of Power', 132, 4.5, 1904, 23, 2012, 2),
(499, 'Three Cups of Tea: One Man\'s Mission to Promote Peace - One School at a Time', 104, 4.3, 3319, 11, 2009, 2),
(500, 'Three Cups of Tea: One Man\'s Mission to Promote Peace - One School at a Time', 104, 4.3, 3319, 11, 2010, 2),
(501, 'Thug Kitchen: The Official Cookbook: Eat Like You Give a F*ck (Thug Kitchen Cookbooks)', 236, 4.6, 11128, 23, 2014, 2),
(502, 'Thug Kitchen: The Official Cookbook: Eat Like You Give a F*ck (Thug Kitchen Cookbooks)', 236, 4.6, 11128, 23, 2015, 2),
(503, 'Thug Kitchen: The Official Cookbook: Eat Like You Give a F*ck (Thug Kitchen Cookbooks)', 236, 4.6, 11128, 23, 2016, 2),
(504, 'Thug Kitchen: The Official Cookbook: Eat Like You Give a F*ck (Thug Kitchen Cookbooks)', 236, 4.6, 11128, 23, 2017, 2),
(505, 'Tina Fey: Bossypants', 238, 4.3, 5977, 12, 2011, 2),
(506, 'To Kill a Mockingbird', 105, 4.8, 26234, 0, 2013, 1),
(507, 'To Kill a Mockingbird', 105, 4.8, 26234, 0, 2014, 1),
(508, 'To Kill a Mockingbird', 105, 4.8, 26234, 0, 2015, 1),
(509, 'To Kill a Mockingbird', 105, 4.8, 26234, 0, 2016, 1),
(510, 'To Kill a Mockingbird', 105, 4.8, 26234, 7, 2019, 1),
(511, 'Tools of Titans: The Tactics, Routines, and Habits of Billionaires, Icons, and World-Class Performers', 237, 4.6, 4360, 21, 2017, 2),
(512, 'Towers of Midnight (Wheel of Time, Book Thirteen)', 201, 4.8, 2282, 21, 2010, 1),
(513, 'True Compass: A Memoir', 80, 4.5, 438, 15, 2009, 2),
(514, 'Twilight (The Twilight Saga, Book 1)', 222, 4.7, 11676, 9, 2009, 1),
(515, 'Ultimate Sticker Book: Frozen: More Than 60 Reusable Full-Color Stickers', 52, 4.5, 2586, 5, 2014, 1),
(516, 'Unbroken: A World War II Story of Survival, Resilience, and Redemption', 145, 4.8, 29673, 16, 2010, 2),
(517, 'Unbroken: A World War II Story of Survival, Resilience, and Redemption', 145, 4.8, 29673, 16, 2011, 2),
(518, 'Unbroken: A World War II Story of Survival, Resilience, and Redemption', 145, 4.8, 29673, 16, 2012, 2),
(519, 'Unbroken: A World War II Story of Survival, Resilience, and Redemption', 145, 4.8, 29673, 13, 2014, 2),
(520, 'Unbroken: A World War II Story of Survival, Resilience, and Redemption', 145, 4.8, 29673, 16, 2014, 2),
(521, 'Under the Dome: A Novel', 220, 4.3, 6740, 20, 2009, 1),
(522, 'Unfreedom of the Press', 159, 4.9, 5956, 11, 2019, 2),
(523, 'Unicorn Coloring Book: For Kids Ages 4-8 (US Edition) (Silly Bear Coloring Books)', 218, 4.8, 6108, 4, 2019, 2),
(524, 'Uninvited: Living Loved When You Feel Less Than, Left Out, and Lonely', 148, 4.7, 4585, 9, 2016, 2),
(525, 'Watchmen', 7, 4.8, 3829, 42, 2009, 1),
(526, 'Water for Elephants: A Novel', 210, 4.5, 8958, 12, 2011, 1),
(527, 'What Happened', 107, 4.6, 5492, 18, 2017, 2),
(528, 'What If?: Serious Scientific Answers to Absurd Hypothetical Questions', 193, 4.7, 9292, 17, 2014, 2),
(529, 'What Pet Should I Get? (Classic Seuss)', 74, 4.7, 1873, 14, 2015, 1),
(530, 'What Should Danny Do? (The Power to Choose Series)', 4, 4.8, 8170, 13, 2019, 1),
(531, 'What to Expect When You\'re Expecting', 106, 4.4, 3341, 9, 2011, 2),
(532, 'Wheat Belly: Lose the Wheat, Lose the Weight, and Find Your Path Back to Health', 245, 4.4, 7497, 6, 2012, 2),
(533, 'Wheat Belly: Lose the Wheat, Lose the Weight, and Find Your Path Back to Health', 245, 4.4, 7497, 6, 2013, 2),
(534, 'When Breath Becomes Air', 180, 4.8, 13779, 14, 2016, 2),
(535, 'Where the Crawdads Sing', 69, 4.8, 87841, 15, 2019, 1),
(536, 'Where the Wild Things Are', 164, 4.8, 9967, 13, 2009, 1),
(537, 'Whose Boat Is This Boat?: Comments That Don\'t Help in the Aftermath of a Hurricane', 232, 4.6, 6669, 12, 2018, 2),
(538, 'Wild: From Lost to Found on the Pacific Crest Trail', 41, 4.4, 17044, 18, 2012, 2),
(539, 'Winter of the World: Book Two of the Century Trilogy', 140, 4.5, 10760, 15, 2012, 1),
(540, 'Women Food and God: An Unexpected Path to Almost Everything', 95, 4.2, 1302, 11, 2010, 2),
(541, 'Wonder', 189, 4.8, 21625, 9, 2013, 1),
(542, 'Wonder', 189, 4.8, 21625, 9, 2014, 1),
(543, 'Wonder', 189, 4.8, 21625, 9, 2015, 1),
(544, 'Wonder', 189, 4.8, 21625, 9, 2016, 1),
(545, 'Wonder', 189, 4.8, 21625, 9, 2017, 1),
(546, 'Wrecking Ball (Diary of a Wimpy Kid Book 14)', 121, 4.9, 9413, 8, 2019, 1),
(547, 'You Are a Badass: How to Stop Doubting Your Greatness and Start Living an Awesome Life', 122, 4.7, 14331, 8, 2016, 2),
(548, 'You Are a Badass: How to Stop Doubting Your Greatness and Start Living an Awesome Life', 122, 4.7, 14331, 8, 2017, 2),
(549, 'You Are a Badass: How to Stop Doubting Your Greatness and Start Living an Awesome Life', 122, 4.7, 14331, 8, 2018, 2),
(550, 'You Are a Badass: How to Stop Doubting Your Greatness and Start Living an Awesome Life', 122, 4.7, 14331, 8, 2019, 2);

-- --------------------------------------------------------

--
-- Table structure for table `genre`
--

CREATE TABLE `genre` (
  `id` int(11) NOT NULL,
  `genre` varchar(50) NOT NULL
) ENGINE=InnoDB DEFAULT CHARSET=utf8mb4;

--
-- Dumping data for table `genre`
--

INSERT INTO `genre` (`id`, `genre`) VALUES
(1, 'Fiction'),
(2, 'Non Fiction');

--
-- Indexes for dumped tables
--

--
-- Indexes for table `author`
--
ALTER TABLE `author`
  ADD PRIMARY KEY (`id`);

--
-- Indexes for table `books`
--
ALTER TABLE `books`
  ADD PRIMARY KEY (`id`),
  ADD KEY `author_id` (`author_id`),
  ADD KEY `genre_id` (`genre_id`);

--
-- Indexes for table `genre`
--
ALTER TABLE `genre`
  ADD PRIMARY KEY (`id`);

--
-- AUTO_INCREMENT for dumped tables
--

--
-- AUTO_INCREMENT for table `author`
--
ALTER TABLE `author`
  MODIFY `id` int(11) NOT NULL AUTO_INCREMENT, AUTO_INCREMENT=249;

--
-- AUTO_INCREMENT for table `books`
--
ALTER TABLE `books`
  MODIFY `id` int(11) NOT NULL AUTO_INCREMENT, AUTO_INCREMENT=551;

--
-- AUTO_INCREMENT for table `genre`
--
ALTER TABLE `genre`
  MODIFY `id` int(11) NOT NULL AUTO_INCREMENT, AUTO_INCREMENT=3;
COMMIT;

/*!40101 SET CHARACTER_SET_CLIENT=@OLD_CHARACTER_SET_CLIENT */;
/*!40101 SET CHARACTER_SET_RESULTS=@OLD_CHARACTER_SET_RESULTS */;
/*!40101 SET COLLATION_CONNECTION=@OLD_COLLATION_CONNECTION */;
